Player,Span,Mat,Inns,NO,Runs,HS,Ave,BF,SR,100s,50s,0s,Country
SR Tendulkar ,1989-2012,463,452,41,18426,200*,44.83,21367,86.23,49,96,20,India
KC Sangakkara ,2000-2015,404,380,41,14234,169,41.98,18048,78.86,25,93,15,Sri Lanka
RT Ponting ,1995-2012,375,365,39,13704,164,42.03,17046,80.39,30,82,20,Australia
ST Jayasuriya ,1989-2011,445,433,18,13430,189,32.36,14725,91.20,28,68,34,Sri Lanka
DPMD Jayawardene ,1998-2015,448,418,39,12650,144,33.37,16020,78.96,19,77,28,Sri Lanka
Inzamam-ul-Haq ,1991-2007,378,350,53,11739,137*,39.52,15812,74.24,10,83,20,Pakistan
V Kohli ,2008-2019,242,233,39,11609,183,59.84,12445,93.28,43,55,13,India
JH Kallis ,1996-2014,328,314,53,11579,139,44.36,15885,72.89,17,86,17,South Africa
SC Ganguly ,1992-2007,311,300,23,11363,183,41.02,15416,73.70,22,72,16,India
R Dravid ,1996-2011,344,318,40,10889,153,39.16,15284,71.24,12,83,13,India
MS Dhoni ,2004-2019,350,297,84,10773,183*,50.57,12303,87.56,10,73,10,India
CH Gayle ,1999-2019,301,294,17,10480,215,37.83,12019,87.19,25,54,25,West Indies
BC Lara ,1990-2007,299,289,32,10405,169,40.48,13086,79.51,19,63,16,West Indies
TM Dilshan ,1999-2016,330,303,41,10290,161*,39.27,11933,86.23,22,47,11,Sri Lanka
Mohammad Yousuf ,1998-2010,288,273,40,9720,141*,41.71,12942,75.10,15,64,15,Pakistan
AC Gilchrist ,1996-2008,287,279,11,9619,172,35.89,9922,96.94,16,55,19,Australia
AB de Villiers ,2005-2018,228,218,39,9577,176,53.50,9473,101.09,25,53,7,South Africa
M Azharuddin ,1985-2000,334,308,54,9378,153*,36.92,12669,74.02,7,58,9,India
PA de Silva ,1984-2003,308,296,30,9284,145,34.90,11443,81.13,11,64,17,Sri Lanka
RG Sharma ,2007-2019,221,214,32,8944,264,49.14,10063,88.88,28,43,13,India
Saeed Anwar ,1989-2003,247,244,19,8824,194,39.21,10938,80.67,20,43,15,Pakistan
S Chanderpaul ,1994-2011,268,251,40,8778,150,41.60,12408,70.74,11,59,6,West Indies
Yuvraj Singh ,2000-2017,304,278,40,8701,150,36.55,9924,87.67,14,52,18,India
DL Haynes ,1978-1994,238,237,28,8648,152*,41.37,13707,63.09,17,57,13,West Indies
MS Atapattu ,1990-2007,268,259,32,8529,132*,37.57,12594,67.72,11,59,13,Sri Lanka
ME Waugh ,1988-2002,244,236,20,8500,173,39.35,11053,76.90,18,50,16,Australia
LRPL Taylor ,2006-2019,228,212,37,8376,181*,47.86,10091,83.00,20,50,9,New Zealand
V Sehwag ,1999-2013,251,245,9,8273,219,35.05,7929,104.33,15,38,14,India
HM Amla ,2008-2019,181,178,14,8113,159,49.46,9178,88.39,27,39,4,South Africa
HH Gibbs ,1996-2010,248,240,16,8094,175,36.13,9721,83.26,21,37,22,South Africa
Shahid Afridi ,1996-2015,398,369,27,8064,124,23.57,6892,117.00,6,39,30,Pakistan
SP Fleming ,1994-2007,280,269,21,8037,134*,32.40,11242,71.49,8,49,17,New Zealand
MJ Clarke ,2003-2015,245,223,44,7981,130,44.58,10104,78.98,8,58,10,Australia
SR Waugh ,1986-2002,325,288,58,7569,120*,32.90,9971,75.91,3,45,15,Australia
Shoaib Malik ,1999-2019,287,258,40,7534,143,34.55,9199,81.90,9,44,15,Pakistan
A Ranatunga ,1982-1999,269,255,47,7456,131*,35.84,9571,77.90,4,49,18,Sri Lanka
Javed Miandad ,1975-1996,233,218,41,7381,119*,41.70,11014,67.01,8,50,8,Pakistan
EJG Morgan ,2006-2019,233,217,32,7348,148,39.71,8053,91.24,13,46,15,IRELAND
Younis Khan ,2000-2015,265,255,23,7249,144,31.24,9628,75.29,7,48,22,Pakistan
Saleem Malik ,1982-1999,283,256,38,7170,102,32.88,9383,76.41,5,47,19,Pakistan
NJ Astle ,1995-2007,223,217,14,7090,145*,34.92,9760,72.64,16,41,19,New Zealand
GC Smith ,2002-2013,197,194,10,6989,141,37.98,8648,80.81,10,47,8,South Africa
WU Tharanga ,2005-2019,235,223,17,6951,174*,33.74,9155,75.92,15,37,17,Sri Lanka
MG Bevan ,1994-2004,232,196,67,6912,108*,53.58,9320,74.16,6,46,5,Australia
Tamim Iqbal ,2007-2019,204,202,8,6892,154,35.52,8865,77.74,11,47,18,Bangladesh
G Kirsten ,1993-2003,185,185,19,6798,188*,40.95,9436,72.04,13,45,11,South Africa
A Flower ,1992-2003,213,208,16,6786,145,35.34,9097,74.59,4,55,13,Zimbabwe
IVA Richards ,1975-1991,187,167,24,6721,189*,47.00,7451,90.20,11,45,7,West Indies
MJ Guptill ,2009-2019,179,176,19,6626,237*,42.20,7586,87.34,16,35,15,New Zealand
Mohammad Hafeez ,2003-2019,218,216,15,6614,140*,32.90,8633,76.61,11,38,19,Pakistan
GW Flower ,1992-2010,221,214,18,6571,142*,33.52,9723,67.58,6,40,18,Zimbabwe
Ijaz Ahmed ,1986-2000,250,232,29,6564,139*,32.33,8174,80.30,10,37,14,Pakistan
AR Border ,1979-1994,273,252,39,6524,127*,30.62,9134,71.42,3,39,11,Australia
Shakib Al Hasan ,2006-2019,206,194,27,6323,134*,37.86,7641,82.75,9,47,10,Bangladesh
BRM Taylor ,2004-2019,193,192,15,6293,145*,35.55,8256,76.22,10,38,15,Zimbabwe
RB Richardson ,1983-1996,224,217,30,6248,122,33.41,9801,63.74,5,44,8,West Indies
ML Hayden ,1993-2008,161,155,15,6133,181*,43.80,7767,78.96,10,36,9,Australia
KS Williamson ,2010-2019,149,142,14,6132,148,47.90,7494,81.82,13,39,5,New Zealand
Mushfiqur Rahim ,2006-2019,216,202,34,6100,144,36.30,7718,79.03,7,37,10,Bangladesh
BB McCullum ,2002-2016,260,228,28,6083,166,30.41,6312,96.37,5,32,20,New Zealand
DM Jones ,1984-1994,164,161,25,6068,145,44.61,8362,72.56,7,46,6,Australia
DC Boon ,1984-1995,181,177,16,5964,122,37.04,9157,65.13,5,37,6,Australia
JN Rhodes ,1992-2003,245,220,51,5935,121,35.11,7336,80.90,2,33,12,South Africa
JE Root ,2013-2019,143,135,21,5856,133*,51.36,6702,87.37,16,33,4,England
Rameez Raja ,1985-1997,198,197,15,5841,119*,32.09,9226,63.31,9,31,15,Pakistan
AD Mathews ,2008-2019,214,184,48,5812,139*,42.73,6974,83.33,3,40,15,Sri Lanka
RR Sarwan ,2000-2013,181,169,33,5804,120*,42.67,7663,75.74,5,38,8,West Indies
CL Hooper ,1987-2003,227,206,43,5761,113*,35.34,7517,76.63,7,29,7,West Indies
SR Watson ,2002-2015,190,169,27,5757,185*,40.54,6365,90.44,9,33,12,Australia
H Masakadza ,2001-2019,209,208,4,5658,178*,27.73,7728,73.21,5,34,15,Zimbabwe
SK Raina ,2005-2018,226,194,35,5615,116*,35.31,6005,93.50,5,36,14,India
MN Samuels ,2000-2018,207,196,26,5606,133*,32.97,7463,75.11,10,30,11,West Indies
WJ Cronje ,1992-2000,188,175,31,5565,112,38.64,7277,76.47,2,39,8,South Africa
S Dhawan ,2010-2019,133,131,7,5518,143,44.50,5869,94.01,17,27,5,India
F du Plessis ,2011-2019,143,136,20,5507,185,47.47,6215,88.60,12,35,3,South Africa
MEK Hussey ,2004-2012,185,157,44,5442,109*,48.15,6243,87.16,3,39,3,Australia
IR Bell ,2004-2015,161,157,14,5416,141,37.87,7019,77.16,4,35,6,England
A Jadeja ,1992-2000,196,179,36,5359,119,37.47,7677,69.80,6,30,10,India
DR Martyn ,1992-2006,208,182,51,5346,144*,40.80,6877,77.73,5,37,10,Australia
G Gambhir ,2003-2013,147,143,11,5238,150*,39.68,6144,85.25,11,34,11,India
ADR Campbell ,1992-2003,188,184,14,5185,131*,30.50,7834,66.18,7,30,11,Zimbabwe
RS Mahanama ,1986-1999,213,198,23,5162,119*,29.49,8521,60.57,4,35,15,Sri Lanka
CG Greenidge ,1975-1991,128,127,13,5134,133*,45.03,7908,64.92,11,31,3,West Indies
Misbah-ul-Haq ,2002-2015,162,149,31,5122,96*,43.40,6945,73.75,0,42,6,Pakistan
JP Duminy ,2004-2019,199,179,40,5117,150*,36.81,6052,84.55,4,27,7,South Africa
PD Collingwood ,2001-2011,197,181,37,5092,120*,35.36,6614,76.98,5,26,7,England
A Symonds ,1998-2009,198,161,33,5088,156,39.75,5504,92.44,6,30,15,Australia
Abdul Razzaq ,1996-2011,265,228,57,5080,112,29.70,6252,81.25,3,23,14,Pakistan
DA Warner ,2009-2019,116,114,5,4990,179,45.77,5222,95.55,17,20,2,Australia
CL Cairns ,1991-2006,215,193,25,4950,115,29.46,5874,84.26,4,26,9,New Zealand
Q de Kock ,2013-2019,115,115,6,4907,178,45.01,5154,95.20,14,24,3,South Africa
Aamer Sohail ,1990-2000,156,155,5,4780,134,31.86,7297,65.50,5,31,10,Pakistan
CD McMillan ,1997-2007,197,183,16,4707,117,28.18,6198,75.94,3,28,9,New Zealand
MD Crowe ,1982-1995,143,140,18,4704,107*,38.55,6476,72.63,4,34,3,New Zealand
MV Boucher ,1998-2011,295,221,57,4686,147*,28.57,5528,84.76,1,26,16,South Africa
AJ Stewart ,1989-2003,170,162,14,4677,116,31.60,6841,68.36,4,28,13,England
AJ Finch ,2013-2019,119,115,2,4559,153*,40.34,5093,89.51,15,24,11,Australia
SB Styris ,1999-2011,188,161,23,4483,141,32.48,5645,79.41,4,28,9,New Zealand
KP Pietersen ,2004-2013,136,125,16,4440,130,40.73,5128,86.58,9,25,7,England
NS Sidhu ,1987-1998,136,127,8,4413,134*,37.08,6329,69.72,6,33,7,India
CZ Harris ,1990-2004,250,213,62,4379,130,29.00,6583,66.51,1,16,12,New Zealand
GR Marsh ,1986-1992,117,115,6,4357,126*,39.97,7790,55.93,9,22,4,Australia
E Chigumbura ,2004-2018,213,198,26,4340,117,25.23,5423,80.02,2,19,17,Zimbabwe
ME Trescothick ,2000-2006,123,122,6,4335,137,37.37,5087,85.21,12,21,13,England
GA Gooch ,1976-1995,125,122,6,4290,142,36.98,6932,61.88,8,23,4,England
AJ Strauss ,2003-2011,127,126,8,4205,158,35.63,5195,80.94,6,27,9,England
K Srikkanth ,1981-1992,146,145,4,4091,123,29.01,5702,71.74,4,27,11,India
PR Stirling ,2008-2019,114,111,2,4038,177,37.04,4627,87.27,8,23,10,IRELAND
WTS Porterfield ,2006-2019,136,133,3,4037,139,31.05,5818,69.38,11,17,9,IRELAND
AJ Lamb ,1982-1992,122,118,16,4010,118,39.31,5308,75.54,4,26,8,England
Mahmudullah ,2007-2019,185,160,42,3994,128*,33.84,5222,76.48,3,21,8,Bangladesh
RP Arnold ,1997-2007,180,155,43,3950,103,35.26,5443,72.57,1,28,7,Sri Lanka
AP Gurusinha ,1985-1996,147,143,5,3902,117*,28.27,6409,60.88,2,22,12,Sri Lanka
JG Wright ,1978-1992,149,148,1,3891,101,26.46,6804,57.18,1,24,9,New Zealand
DJ Cullinan ,1993-2000,138,133,16,3860,124,32.99,5492,70.28,3,23,10,South Africa
GA Hick ,1991-2001,120,118,15,3846,126*,37.33,5191,74.08,5,27,10,England
JC Buttler ,2012-2019,142,117,23,3843,150,40.88,3207,119.83,9,20,12,England
SPD Smith ,2010-2019,118,104,12,3810,164,41.41,4414,86.31,8,23,5,Australia
HP Tillakaratne ,1986-2003,200,168,40,3789,104,29.60,6588,57.51,2,13,10,Sri Lanka
N Kapil Dev ,1978-1994,225,198,39,3783,175*,23.79,3979,95.07,1,14,13,India
Wasim Akram ,1984-2003,356,280,55,3717,86,16.52,4208,88.33,0,6,28,Pakistan
SC Williams ,2005-2019,131,127,18,3717,129*,34.10,4546,81.76,3,31,7,Zimbabwe
RS Kaluwitharana ,1990-2004,189,181,14,3711,102*,22.22,4776,77.70,2,23,24,Sri Lanka
Imran Khan ,1974-1992,175,151,40,3709,102*,33.41,5105,72.65,1,19,6,Pakistan
PV Simmons ,1987-1999,143,138,11,3675,122,28.93,5407,67.96,5,18,14,West Indies
NV Knight ,1996-2003,100,100,10,3637,125*,40.41,5085,71.52,5,25,6,England
LD Chandimal ,2010-2019,146,132,21,3599,111,32.42,4855,74.12,4,22,11,Sri Lanka
L Klusener ,1996-2004,171,137,50,3576,103*,41.10,3977,89.91,2,19,13,South Africa
SM Pollock ,1996-2008,303,205,72,3519,130,26.45,4059,86.69,1,14,20,South Africa
MA Taylor ,1989-1997,113,110,1,3514,105,32.23,5909,59.46,1,28,4,Australia
DB Vengsarkar ,1976-1991,129,120,19,3508,105,34.73,5179,67.73,1,23,7,India
KJ O'Brien ,2006-2019,142,130,17,3490,142,30.88,3922,88.98,2,18,5,IRELAND
Mohammad Ashraful ,2001-2013,177,169,13,3468,109,22.23,4947,70.10,3,20,14,Bangladesh
SO Tikolo ,1996-2014,135,130,12,3428,111,29.05,4524,75.77,3,24,13,Kenya
HH Dippenaar ,1999-2007,107,95,14,3421,125*,42.23,5047,67.78,4,26,4,South Africa
A Flintoff ,1999-2009,141,122,16,3394,123,32.01,3821,88.82,3,18,9,England
T Taibu ,2001-2012,150,137,21,3393,107*,29.25,5020,67.58,2,22,16,Zimbabwe
JJ Roy ,2015-2019,84,81,2,3381,180,42.79,3148,107.40,9,18,7,England
KC Wessels ,1983-1994,109,105,7,3367,107,34.35,6088,55.30,1,26,0,Australia
Babar Azam ,2015-2019,74,72,10,3359,125*,54.17,3857,87.08,11,15,2,Pakistan
AC Parore ,1992-2002,179,161,32,3314,108,25.68,4867,68.09,1,14,19,New Zealand
Moin Khan ,1990-2004,219,183,41,3266,72*,23.00,4017,81.30,0,12,17,Pakistan
Kamran Akmal ,2002-2017,157,138,14,3236,124,26.09,3855,83.94,5,10,10,Pakistan
AN Cook ,2006-2014,92,92,4,3204,137,36.40,4154,77.13,5,19,7,England
HDRL Thirimanne ,2010-2019,127,106,14,3194,139*,34.71,4419,72.27,4,21,7,Sri Lanka
Umar Akmal ,2009-2019,121,110,17,3194,102*,34.34,3712,86.04,2,20,8,Pakistan
DI Gower ,1978-1991,114,111,8,3170,158,30.77,4218,75.15,7,12,6,England
KR Rutherford ,1985-1995,121,115,9,3143,108,29.65,4888,64.30,2,18,6,New Zealand
BJ Haddin ,2001-2015,126,115,16,3122,110,31.53,3706,84.24,2,16,2,Australia
RJ Shastri ,1981-1992,150,128,21,3108,109,29.04,5089,61.07,4,18,5,India
SM Gavaskar ,1974-1987,108,102,14,3092,103*,35.13,4966,62.26,1,27,8,India
DS Lehmann ,1996-2005,117,101,22,3078,119,38.96,3784,81.34,4,17,4,Australia
DA Miller ,2010-2019,126,110,31,3058,139,38.70,3054,100.13,5,12,8,South Africa
GJ Bailey ,2012-2016,90,85,10,3044,156,40.58,3645,83.51,3,22,3,Australia
SD Hope ,2016-2019,72,67,10,3007,170,52.75,4046,74.32,8,15,4,West Indies
V Sibanda ,2003-2016,127,126,4,2994,116,24.54,4716,63.48,2,21,14,Zimbabwe
DJ Bravo ,2004-2014,164,141,24,2968,112*,25.36,3606,82.30,2,10,11,West Indies
AM Rahane ,2011-2018,90,87,3,2962,111,35.26,3767,78.63,3,24,6,India
HH Streak ,1993-2005,189,159,55,2943,79*,28.29,4008,73.42,0,13,6,Zimbabwe
WW Hinds ,1999-2010,119,111,10,2880,127*,28.51,4393,65.55,5,14,8,West Indies
GJ Maxwell ,2012-2019,110,100,11,2877,102,32.32,2332,123.37,1,19,9,Australia
JM Bairstow ,2011-2019,74,68,8,2861,141*,47.68,2749,104.07,9,11,5,England
DM Bravo ,2009-2019,110,105,13,2839,124,30.85,4045,70.18,3,18,8,West Indies
IJL Trott ,2009-2013,68,65,10,2819,137,51.25,3658,77.06,4,22,5,England
AL Logie ,1981-1993,158,133,36,2809,109*,28.95,3801,73.90,1,14,13,West Indies
AH Jones ,1987-1995,87,87,9,2784,93,35.69,4811,57.86,0,25,4,New Zealand
Mohammad Nabi ,2009-2019,124,112,12,2782,116,27.82,3252,85.54,1,15,6,Afganistan
SE Marsh ,2008-2019,73,72,4,2773,151,40.77,3406,81.41,7,15,3,Australia
M Kaif ,2002-2006,125,110,24,2753,111*,32.01,3822,72.03,2,17,8,India
SV Carlisle ,1995-2005,111,107,8,2740,121*,27.67,4325,63.35,3,9,11,Zimbabwe
MDKJ Perera ,2013-2019,98,93,5,2739,135,31.12,2945,93.00,5,14,8,Sri Lanka
Mohammad Shahzad ,2009-2019,84,84,3,2727,131*,33.66,3082,88.48,6,14,4,Afganistan
Salman Butt ,2004-2010,78,78,4,2725,136,36.82,3572,76.28,8,14,15,Pakistan
RG Twose ,1995-2001,87,81,11,2717,103,38.81,3603,75.40,1,20,5,New Zealand
GJ Whittall ,1993-2003,147,142,22,2705,83,22.54,4011,67.43,0,11,12,Zimbabwe
RS Bopara ,2007-2015,120,109,21,2695,101*,30.62,3462,77.84,1,14,4,England
BA Stokes ,2011-2019,95,81,15,2682,102*,40.63,2855,93.94,3,20,5,England
Sikandar Raza ,2013-2019,97,93,15,2656,141,34.05,3249,81.74,3,14,1,Zimbabwe
Mudassar Nazar ,1977-1989,122,115,10,2653,95,25.26,5130,51.71,0,16,6,Pakistan
EC Joyce ,2006-2018,78,77,8,2622,160*,38.00,3630,72.23,6,15,5,IRELAND
Ahmed Shehzad ,2009-2017,81,81,1,2605,124,32.56,3614,72.08,6,14,7,Pakistan
NJ O'Brien ,2006-2018,103,101,9,2581,109,28.05,3638,70.94,1,18,3,IRELAND
Zaheer Abbas ,1974-1985,62,60,6,2572,123,47.62,3033,84.80,7,13,2,Pakistan
CR Ervine ,2010-2019,93,90,11,2571,130*,32.54,3406,75.48,3,15,7,Zimbabwe
AC Hudson ,1991-1997,89,88,1,2559,161,29.41,3960,64.62,2,18,6,South Africa
TWM Latham ,2012-2019,95,88,9,2550,137,32.27,3096,82.36,4,15,7,New Zealand
VG Kambli ,1991-2000,104,97,21,2477,106,32.59,3443,71.94,2,14,4,India
Imrul Kayes ,2008-2018,78,78,2,2434,144,32.02,3423,71.10,4,16,2,Bangladesh
JDP Oram ,2001-2012,160,116,15,2434,101*,24.09,2810,86.61,1,13,8,New Zealand
TM Odoyo ,1996-2014,136,119,16,2420,111*,23.49,3438,70.38,1,8,13,Kenya
AD Hales ,2014-2019,70,67,3,2419,171,37.79,2527,95.72,6,14,5,England
RA Smith ,1988-1996,71,70,8,2419,167*,39.01,3473,69.65,4,15,4,England
L Vincent ,2001-2007,102,99,10,2413,172,27.11,3453,69.88,3,11,8,New Zealand
KJ Coetzer ,2008-2019,59,57,2,2409,156,43.80,2795,86.18,4,17,5,SCOT)
KA Pollard ,2007-2019,107,99,7,2398,119,26.06,2547,94.14,3,10,13,West Indies
CJ Chibhabha ,2005-2018,103,103,2,2389,99,23.65,3784,63.13,0,16,7,Zimbabwe
GP Thorpe ,1993-2002,82,77,13,2380,89,37.18,3344,71.17,0,21,3,England
Rahmat Shah ,2013-2019,73,69,2,2359,114,35.20,3366,70.08,4,16,3,Afganistan
Asghar Afghan ,2009-2019,111,105,9,2356,101,24.54,3531,66.72,1,12,7,Afganistan
VVS Laxman ,1998-2006,86,83,7,2338,131,30.76,3282,71.23,6,10,3,India
RR Singh ,1989-2001,136,113,23,2336,100,25.95,3144,74.30,1,9,5,India
N Hussain ,1989-2003,88,87,10,2332,115,30.28,3481,66.99,1,16,6,England
GS Chappell ,1971-1983,74,72,14,2331,138*,40.18,3079,75.70,3,14,7,Australia
Sarfaraz Ahmed ,2007-2019,116,90,22,2302,105,33.85,2622,87.79,2,11,1,Pakistan
SL Campbell ,1994-2001,90,87,0,2283,105,26.24,3853,59.25,2,14,9,West Indies
DL Vettori ,1997-2015,295,187,57,2253,83,17.33,2715,82.98,0,4,23,New Zealand
S Matsikenyeri ,2002-2015,113,110,9,2224,90,22.01,3072,72.39,0,13,8,Zimbabwe
GM Wood ,1978-1989,83,77,11,2219,114*,33.62,3725,59.57,3,11,4,Australia
NLTC Perera ,2009-2019,161,128,16,2210,140,19.73,1979,111.67,1,10,11,Sri Lanka
MJ Greatbatch ,1988-1996,84,83,5,2206,111,28.28,3099,71.18,2,13,7,New Zealand
JC Adams ,1992-2001,127,105,28,2204,82,28.62,3614,60.98,0,14,7,West Indies
Shahriar Nafees ,2005-2011,75,75,5,2201,123*,31.44,3167,69.49,4,13,11,Bangladesh
D Ramdin ,2005-2016,139,110,22,2200,169,25.00,2738,80.35,2,8,4,West Indies
RA Jadeja ,2009-2019,159,106,36,2188,87,31.25,2543,86.04,0,11,6,India
CS MacLeod ,2008-2019,66,64,6,2175,175,37.50,2623,82.92,8,8,8,SCOT)
Habibul Bashar ,1995-2007,111,105,5,2168,78,21.68,3586,60.45,0,14,18,Bangladesh
IT Botham ,1976-1992,116,106,15,2113,79,23.21,2671,79.10,0,9,6,England
MW Gatting ,1977-1993,92,88,17,2095,115*,29.50,2968,70.58,1,9,4,England
NH Fairbrother ,1987-1999,75,71,18,2092,113,39.47,2903,72.06,1,16,2,England
RL Powell ,1999-2005,109,100,16,2085,124,24.82,2157,96.66,1,8,8,West Indies
CL White ,2005-2018,91,77,16,2072,105,33.96,2586,80.12,2,11,4,Australia
GC Wilson ,2007-2019,105,99,12,2072,113,23.81,2880,71.94,1,12,6,IRELAND
CO Obuya ,2001-2014,104,89,9,2044,98*,25.55,2981,68.56,0,11,6,Kenya
Yasir Hameed ,2003-2007,56,56,1,2028,127*,36.87,3029,66.95,3,12,2,Pakistan
WPUJC Vaas ,1994-2008,322,220,72,2025,50*,13.68,2796,72.42,0,1,25,Sri Lanka
KO Otieno ,1996-2009,90,87,1,2016,144,23.44,3561,56.61,2,12,12,Kenya
SV Manjrekar ,1988-1996,74,70,10,1994,105,33.23,3101,64.30,1,15,3,India
MP Vaughan ,2001-2007,86,83,10,1982,90*,27.15,2898,68.39,0,16,9,England
CH Lloyd ,1973-1985,87,69,19,1977,102,39.54,2434,81.22,1,11,1,West Indies
GD Elliott ,2008-2016,83,69,11,1976,115,34.06,2416,81.78,2,11,6,New Zealand
BKG Mendis ,2016-2019,73,71,3,1973,102,29.01,2367,83.35,1,16,10,Sri Lanka
KJ Hughes ,1977-1985,97,88,6,1968,98,24.00,2919,67.42,0,17,12,Australia
A Bagai ,2003-2013,62,60,8,1964,137*,37.76,2995,65.57,2,16,2,Canada
Fakhar Zaman ,2017-2019,46,46,4,1958,210*,46.61,2056,95.23,4,13,5,Pakistan
LMP Simmons ,2006-2015,68,65,3,1958,122,31.58,2680,73.05,2,16,9,West Indies
Aftab Ahmed ,2004-2010,85,85,6,1954,92,24.73,2353,83.04,0,14,8,Bangladesh
PJL Dujon ,1981-1991,169,120,36,1945,82*,23.15,2881,67.51,0,6,8,West Indies
M Amarnath ,1975-1989,85,75,12,1924,102*,30.53,3334,57.70,2,13,2,India
KLT Arthurton ,1988-1999,105,93,20,1904,84,26.08,2822,67.46,0,9,12,West Indies
Imran Nazir ,1999-2009,79,79,2,1895,160,24.61,2339,81.01,2,9,10,Pakistan
RD Berrington ,2008-2019,78,73,6,1882,101*,28.08,2535,74.24,1,13,3,SCOT)
Mohsin Khan ,1977-1986,75,75,5,1877,117*,26.81,3373,55.64,2,8,3,Pakistan
JV Coney ,1979-1987,88,80,19,1874,66*,30.72,2885,64.95,0,8,1,New Zealand
DJG Sammy ,2004-2015,126,105,30,1871,89,24.94,1870,100.05,0,9,4,West Indies
RD Jacobs ,1996-2004,147,112,32,1865,80*,23.31,2662,70.06,0,9,11,West Indies
M Prabhakar ,1984-1996,130,98,21,1858,106,24.12,3083,60.26,2,11,8,India
Azhar Ali ,2011-2018,53,53,3,1845,102,36.90,2478,74.45,3,12,3,Pakistan
OA Shah ,2001-2009,71,66,6,1834,107*,30.56,2331,78.67,1,12,6,England
MW Goodwin ,1998-2000,71,70,3,1818,112*,27.13,2654,68.50,2,8,1,Zimbabwe
Khaled Mashud ,1995-2006,126,110,27,1818,71*,21.90,3315,54.84,0,7,8,Bangladesh
BA Edgar ,1978-1986,64,64,5,1814,102*,30.74,3685,49.22,1,10,3,New Zealand
A Balbirnie ,2010-2019,64,61,4,1813,145*,31.80,2413,75.13,5,8,4,IRELAND
Samiullah Shinwari ,2009-2019,84,74,12,1811,96,29.20,2765,65.49,0,11,1,Afganistan
JO Holder ,2013-2019,112,89,19,1798,99*,25.68,1907,94.28,0,9,9,West Indies
DJ Hussey ,2008-2013,69,61,6,1796,111,32.65,1980,90.70,1,14,4,Australia
MA Atherton ,1990-1998,54,54,3,1791,127,35.11,3054,58.64,2,12,4,England
Mashrafe Mortaza ,2001-2019,217,156,27,1786,51*,13.84,2037,87.67,0,1,15,Bangladesh
MS Wade ,2012-2017,94,80,11,1777,100*,25.75,2164,82.11,1,10,5,Australia
MM Ali ,2014-2019,101,82,13,1766,128,25.59,1697,104.06,3,5,5,England
IA Healy ,1988-1997,168,120,36,1764,56,21.00,2104,83.84,0,4,9,Australia
KD Karthik ,2004-2019,94,79,21,1752,79,30.20,2392,73.24,0,9,6,India
Sir RJ Hadlee ,1973-1990,115,98,17,1751,79,21.61,2319,75.50,0,4,4,New Zealand
Soumya Sarkar ,2014-2019,55,54,3,1728,127*,33.88,1753,98.57,2,11,5,Bangladesh
Imam-ul-Haq ,2017-2019,37,37,5,1723,151,53.84,2141,80.47,7,6,2,Pakistan
Imran Farhat ,2001-2013,58,58,2,1719,107,30.69,2489,69.06,1,13,3,Pakistan
CB Wishart ,1996-2005,90,82,8,1719,172*,23.22,2436,70.56,2,5,8,Zimbabwe
Rashid Latif ,1992-2003,166,117,29,1709,79,19.42,2237,76.39,0,3,8,Pakistan
DA Gunawardene ,1998-2006,61,61,1,1708,132,28.46,2389,71.49,1,12,5,Sri Lanka
AT Rayudu ,2013-2019,55,50,14,1694,124*,47.05,2143,79.04,3,10,3,India
ND McKenzie ,2000-2009,64,55,10,1688,131*,37.51,2432,69.40,2,10,2,South Africa
NC Johnson ,1998-2000,48,48,2,1679,132*,36.50,2389,70.28,4,11,2,Zimbabwe
BA Young ,1990-1999,74,73,5,1668,74,24.52,2733,61.03,0,9,5,New Zealand
UDU Chandana ,1994-2007,147,111,17,1627,89,17.30,2229,72.99,0,5,8,Sri Lanka
CK Kapugedera ,2006-2017,102,84,7,1624,95,21.09,2254,72.04,0,8,7,Sri Lanka
Haris Sohail ,2013-2019,41,40,5,1614,130,46.11,1895,85.17,2,13,1,Pakistan
GM Turner ,1973-1983,41,40,6,1598,171*,47.00,2348,68.05,3,9,1,New Zealand
LPC Silva ,1999-2011,75,62,7,1587,107*,28.85,2254,70.40,1,13,6,Sri Lanka
Najibullah Zadran ,2012-2019,67,62,9,1586,104*,29.92,1765,89.85,1,11,3,Afganistan
SC Williams ,1994-1999,57,55,6,1586,105*,32.36,2402,66.02,1,12,6,West Indies
Saleem Elahi ,1995-2004,48,47,4,1579,135,36.72,2214,71.31,4,9,3,Pakistan
RL Dias ,1979-1987,58,55,5,1573,121,31.46,2315,67.94,2,11,3,Sri Lanka
N Dickwella ,2014-2019,52,49,1,1571,116,32.72,1679,93.56,2,9,1,Sri Lanka
DR Smith ,2004-2015,105,89,5,1560,97,18.57,1683,92.69,0,8,14,West Indies
UT Khawaja ,2013-2019,40,39,2,1554,104,42.00,1848,84.09,2,12,2,Australia
IK Pathan ,2004-2012,120,87,21,1544,83,23.39,1941,79.54,0,5,7,India
RN ten Doeschate ,2006-2011,33,32,9,1541,119,67.00,1757,87.70,5,9,1,Netherland
DL Houghton ,1983-1997,63,60,2,1530,142,26.37,2155,70.99,1,12,5,Zimbabwe
LRD Mendis ,1975-1989,79,74,9,1527,80,23.49,2034,75.07,0,7,4,Sri Lanka
Azhar Mahmood ,1996-2007,143,110,26,1521,67,18.10,1988,76.50,0,3,9,Pakistan
RS Morton ,2002-2010,56,51,6,1519,110*,33.75,2289,66.36,2,10,7,West Indies
JJ Crowe ,1983-1990,75,71,12,1518,88*,25.72,2456,61.80,0,7,6,New Zealand
JM Kemp ,2001-2007,85,66,18,1512,100*,31.50,1819,83.12,1,10,6,South Africa
RD Shah ,1998-2007,56,55,1,1506,113,27.88,2298,65.53,1,12,5,Kenya
MA Ouma ,2004-2014,80,77,5,1501,61,20.84,2525,59.44,0,7,6,Kenya
HJH Marshall ,2003-2007,66,62,9,1454,101*,27.43,1990,73.06,1,12,3,New Zealand
DD Ebrahim ,2001-2005,82,76,6,1443,121,20.61,2540,56.81,1,4,8,Zimbabwe
MR Marsh ,2011-2018,53,49,9,1428,102*,35.70,1534,93.08,1,11,4,Australia
Nasir Jamshed ,2008-2015,48,48,3,1418,112,31.51,1881,75.38,3,8,5,Pakistan
SO Hetmyer ,2017-2019,43,40,3,1416,139,38.27,1323,107.02,5,4,2,West Indies
HA Gomes ,1978-1987,83,64,15,1415,101,28.87,2578,54.88,1,6,5,West Indies
N Boje ,1995-2005,115,71,18,1414,129,26.67,1594,88.70,2,4,2,South Africa
MO Odumbe ,1996-2003,61,59,5,1409,83,26.09,2014,69.96,0,11,6,Kenya
P Utseya ,2004-2015,164,132,48,1406,68*,16.73,2410,58.34,0,4,16,Zimbabwe
E Lewis ,2016-2019,48,45,2,1402,176*,32.60,1704,82.27,2,7,2,West Indies
L Ronchi ,2008-2017,85,68,9,1397,170*,23.67,1220,114.50,1,4,7,Australia
GP Howarth ,1975-1985,70,65,5,1384,76,23.06,2301,60.14,0,6,1,New Zealand
JD Ryder ,2008-2014,48,42,1,1362,107,33.21,1429,95.31,3,6,5,New Zealand
BC Broad ,1987-1988,34,34,0,1361,106,40.02,2447,55.61,1,11,2,England
DO Obuya ,2001-2012,74,73,3,1355,93,19.35,2135,63.46,0,6,10,Kenya
KM Jadhav ,2014-2019,71,50,18,1354,120,42.31,1325,102.18,2,6,2,India
Asad Shafiq ,2010-2017,60,58,4,1336,84,24.74,1979,67.50,0,9,5,Pakistan
PG Fulton ,2004-2009,49,46,5,1334,112,32.53,1833,72.77,1,8,2,New Zealand
Sabbir Rahman ,2014-2019,66,59,7,1333,102,25.63,1461,91.23,1,6,5,Bangladesh
KMDN Kulasekara ,2003-2017,184,123,37,1327,73,15.43,1629,81.46,0,4,13,Sri Lanka
JR Hopes ,2005-2010,84,61,8,1326,63*,25.01,1415,93.71,0,3,1,Australia
SM Katich ,2001-2006,45,42,5,1324,107*,35.78,1926,68.74,1,9,3,Australia
Javed Omar ,1995-2007,59,59,4,1312,85*,23.85,2528,51.89,0,10,2,Bangladesh
Raqibul Hasan ,2008-2011,55,54,7,1308,89,27.82,2133,61.32,0,8,6,Bangladesh
AA Obanda ,2007-2014,49,45,2,1306,96*,30.37,1764,74.03,0,9,2,Kenya
MS Sinclair ,2000-2009,54,50,4,1304,118*,28.34,2086,62.51,2,8,8,New Zealand
PN Kirsten ,1991-1994,40,40,6,1293,97,38.02,2308,56.02,0,9,0,South Africa
J Charles ,2012-2016,48,48,0,1283,130,26.72,1531,83.80,2,4,7,West Indies
MJ Prior ,2004-2011,68,62,9,1282,87,24.18,1670,76.76,0,3,5,England
Nasir Hossain ,2011-2018,65,52,8,1281,100,29.11,1605,79.81,1,6,4,Bangladesh
TM Head ,2016-2018,42,39,2,1273,128,34.40,1414,90.02,1,10,1,Australia
NR Mongia ,1994-2000,140,96,33,1272,69,20.19,1846,68.90,0,2,4,India
C Munro ,2013-2019,57,53,2,1271,87,24.92,1214,104.69,0,8,7,New Zealand
JEC Franklin ,2001-2013,110,80,27,1270,98*,23.96,1651,76.92,0,4,5,New Zealand
AB Agarkar ,1998-2007,191,113,26,1269,95,14.58,1574,80.62,0,3,10,India
Shoaib Mohammad ,1984-1993,63,58,6,1269,126*,24.40,2492,50.92,1,8,8,Pakistan
Basit Ali ,1993-1996,50,43,6,1265,127*,34.18,1669,75.79,1,9,3,Pakistan
MN Waller ,2009-2018,79,72,6,1259,99*,19.07,1639,76.81,0,5,10,Zimbabwe
MD Gunathilaka ,2015-2019,38,37,1,1249,133,34.69,1454,85.90,2,8,1,Sri Lanka
JDS Neesham ,2013-2019,59,50,10,1247,97*,31.17,1260,98.96,0,6,2,New Zealand
SP O'Donnell ,1985-1991,87,64,15,1242,74*,25.34,1534,80.96,0,9,5,Australia
RR Rossouw ,2014-2016,36,35,3,1239,132,38.71,1313,94.36,3,7,5,South Africa
Harbhajan Singh ,1998-2015,236,128,35,1237,49,13.30,1526,81.06,0,0,17,India
SG Law ,1994-1999,54,51,5,1237,110,26.89,1643,75.28,1,7,3,Australia
Alok Kapali ,2002-2011,69,66,3,1235,115,19.60,1817,67.96,1,5,5,Bangladesh
GM Hamilton ,1999-2010,38,38,3,1231,119,35.17,1847,66.64,2,7,1,SCOT)
D Mongia ,2001-2007,57,51,7,1230,159*,27.95,1721,71.47,1,4,4,India
RW Marsh ,1971-1984,92,76,15,1225,66,20.08,1489,82.26,0,4,7,Australia
HDPK Dharmasena ,1994-2004,141,87,33,1222,69*,22.62,1879,65.03,0,4,2,Sri Lanka
Shaiman Anwar ,2014-2019,40,40,1,1219,106,31.25,1477,82.53,1,11,2,UnitedStatesArab
Noor Ali Zadran ,2009-2019,51,50,1,1216,114,24.81,1923,63.23,1,7,4,Afganistan
TM Moody ,1987-1999,76,64,12,1211,89,23.28,1747,69.31,0,10,6,Australia
Junaid Siddique ,2007-2011,54,53,1,1196,100,23.00,1753,68.22,1,6,6,Bangladesh
Mohammad Rafique ,1995-2007,125,106,17,1191,77,13.38,1663,71.61,0,2,15,Bangladesh
CR Woakes ,2011-2019,99,68,20,1186,95*,24.70,1316,90.12,0,4,6,England
B Lee ,2000-2012,221,110,44,1176,59,17.81,1407,83.58,0,3,16,Australia
JA Rudolph ,2003-2006,45,39,6,1174,81,35.57,1725,68.05,0,7,0,South Africa
Nawroz Mangal ,2009-2016,49,48,6,1139,129,27.11,1512,75.33,2,4,4,Afganistan
MH Cross ,2014-2019,52,48,1,1136,114,24.17,1536,73.95,2,5,0,SCOT)
T Mishra ,2006-2013,42,40,7,1128,72,34.18,1534,73.53,0,8,4,Kenya
HM Nicholls ,2015-2019,45,43,10,1120,124*,33.93,1359,82.41,1,9,5,New Zealand
PL Mommsen ,2010-2017,44,42,6,1115,139*,30.97,1615,69.04,2,6,2,SCOT)
MF Maharoof ,2004-2016,109,75,18,1113,69*,19.52,1294,86.01,0,2,3,Sri Lanka
CJ Anderson ,2013-2017,49,45,5,1109,131*,27.72,1020,108.72,1,4,4,New Zealand
HS Modi ,1996-2006,63,56,9,1109,78*,23.59,1906,58.18,0,5,5,Kenya
ES Szwarczynski ,2006-2014,41,40,3,1102,98,29.78,1615,68.23,0,10,2,Netherland
VS Solanki ,2000-2006,51,46,5,1097,106,26.75,1504,72.93,2,5,2,England
B Zuiderent ,1996-2011,57,56,10,1097,77*,23.84,1873,58.56,0,8,7,Netherland
PA Strang ,1994-2001,95,73,24,1090,47,22.24,1651,66.02,0,0,5,Zimbabwe
G Boycott ,1971-1981,36,34,4,1082,105,36.06,2020,53.56,1,9,1,England
F Behardien ,2013-2018,59,49,14,1074,70,30.68,1097,97.90,0,6,4,South Africa
NL McCullum ,2009-2015,84,62,11,1070,65,20.98,1220,87.70,0,4,3,New Zealand
Asif Mujtaba ,1986-1996,66,55,14,1068,113*,26.04,1671,63.91,1,6,8,Pakistan
DW Randall ,1976-1985,49,45,5,1067,88,26.67,1702,62.69,0,5,4,England
Hashmatullah Shahidi ,2013-2019,39,39,6,1062,97*,32.18,1667,63.70,0,9,4,Afganistan
DS Smith ,2003-2013,47,45,2,1059,107,24.62,1506,70.31,1,5,4,West Indies
JK Kamande ,1999-2011,86,72,11,1055,74,17.29,1685,62.61,0,3,8,Kenya
IDS Smith ,1980-1992,98,77,16,1055,62*,17.29,1061,99.43,0,3,7,New Zealand
C Kieswetter ,2010-2013,46,40,5,1054,107,30.11,1172,89.93,1,5,4,England
Anamul Haque ,2012-2019,38,35,0,1052,120,30.05,1488,70.69,3,3,6,Bangladesh
MP Stoinis ,2015-2019,41,38,7,1050,146*,33.87,1143,91.86,1,6,3,Australia
KD Mills ,2001-2015,170,101,34,1047,54,15.62,1282,81.66,0,2,8,New Zealand
JM How ,2005-2011,41,37,1,1046,139,29.05,1572,66.53,1,7,3,New Zealand
Gulbadin Naib ,2011-2019,65,56,8,1041,82*,21.68,1424,73.10,0,5,5,Afganistan
AD Russell ,2011-2019,56,47,9,1034,92*,27.21,794,130.22,0,4,6,West Indies
JP Faulkner ,2013-2017,69,52,22,1032,116,34.40,990,104.24,1,4,4,Australia
DSBP Kuruppu ,1983-1990,54,52,1,1022,72,20.03,1978,51.66,0,4,3,Sri Lanka
AG Prince ,2002-2007,52,41,12,1018,89*,35.10,1502,67.77,0,3,4,South Africa
SK Warne ,1993-2005,194,107,29,1018,55,13.05,1413,72.04,0,1,10,Australia
SM Patil ,1980-1986,45,42,1,1005,84,24.51,1223,82.17,0,9,4,India
KOA Powell ,2009-2018,46,44,0,1005,83,22.84,1278,78.63,0,9,4,West Indies
Rajin Saleh ,2003-2006,43,43,1,1005,108*,23.92,1833,54.82,1,6,5,Bangladesh
PW Borren ,2006-2014,58,50,5,1004,96,22.31,1176,85.37,0,5,5,Netherland
NFI McCallum ,2006-2011,43,42,6,1002,121*,27.83,1451,69.05,2,4,3,SCOT)
Waqar Younis ,1989-2003,262,139,45,969,37,10.30,1445,67.05,0,0,15,Pakistan
MD Marshall ,1980-1992,136,83,19,955,66,14.92,1246,76.64,0,2,5,West Indies
MG Johnson ,2005-2015,153,91,32,951,73*,16.11,987,96.35,0,2,6,Australia
A Kumble ,1990-2007,271,136,47,938,26,10.53,1536,61.06,0,0,18,India
J Srinath ,1991-2003,229,121,38,883,53,10.63,1109,79.62,0,1,19,India
DJ Richardson ,1991-1998,122,77,33,868,53,19.72,1298,66.87,0,1,6,South Africa
RA Harper ,1983-1996,105,73,20,855,45*,16.13,1162,73.58,0,0,5,West Indies
Z Khan ,2000-2012,200,101,35,792,34*,12.00,1078,73.46,0,0,15,India
GB Hogg ,1996-2008,123,65,26,790,71*,20.25,1004,78.68,0,2,9,Australia
Abdur Razzak ,2004-2014,153,97,39,779,53*,13.43,1020,76.37,0,1,12,Bangladesh
Saqlain Mushtaq ,1995-2003,169,98,38,711,37*,11.85,1434,49.58,0,0,13,Pakistan
PAJ DeFreitas ,1987-1997,103,66,23,690,67,16.04,823,83.83,0,1,4,England
TG Southee ,2008-2019,140,85,32,676,55,12.75,686,98.54,0,1,12,New Zealand
R Ashwin ,2010-2017,111,61,19,675,65,16.07,776,86.98,0,1,6,India
M Muralitharan ,1993-2011,350,162,63,674,33*,6.80,869,77.56,0,0,25,Sri Lanka
Abdul Qadir ,1983-1993,104,68,26,641,41*,15.26,849,75.50,0,0,6,Pakistan
CEL Ambrose ,1988-2000,176,96,36,639,31*,10.65,985,64.87,0,0,13,West Indies
GR Larsen ,1990-1999,121,70,27,629,37,14.62,970,64.84,0,0,6,New Zealand
D Gough ,1994-2006,159,87,38,609,46*,12.42,947,64.30,0,0,10,England
SL Malinga ,2004-2019,226,119,36,567,56,6.83,761,74.50,0,1,26,Sri Lanka
SCJ Broad ,2006-2016,121,68,25,529,45*,12.30,709,74.61,0,0,8,England
B Kumar ,2012-2019,114,52,15,526,53*,14.21,703,74.82,0,1,8,India
Umar Gul ,2003-2016,130,65,18,457,39,9.72,642,71.18,0,0,10,Pakistan
CJ McDermott ,1985-1996,138,78,17,432,37,7.08,492,87.80,0,0,15,Australia
RW Price ,2002-2012,102,59,17,406,46,9.66,701,57.91,0,0,10,Zimbabwe
Mushtaq Ahmed ,1989-2003,144,76,34,399,34*,9.50,698,57.16,0,0,10,Pakistan
Shoaib Akhtar ,1998-2011,163,84,40,394,43,8.95,538,73.23,0,0,11,Pakistan
DW Steyn ,2005-2019,125,51,12,365,60,9.35,562,64.94,0,1,8,South Africa
GP Wickramasinghe ,1990-2002,134,64,24,344,32,8.60,543,63.35,0,0,12,Sri Lanka
Saeed Ajmal ,2008-2015,113,70,24,324,33,7.04,535,60.56,0,0,11,Pakistan
CA Walsh ,1985-2000,205,79,33,321,30,6.97,451,71.17,0,0,11,West Indies
MA Holding ,1976-1987,102,42,11,282,64,9.09,377,74.80,0,2,9,West Indies
JM Anderson ,2002-2015,194,79,43,273,28,7.58,561,48.66,0,0,10,England
M Morkel ,2007-2018,117,47,18,268,32*,9.24,354,75.70,0,0,9,South Africa
Aaqib Javed ,1988-1998,163,51,26,267,45*,10.68,456,58.55,0,0,7,Pakistan
CRD Fernando ,2001-2012,147,61,35,239,20,9.19,392,60.96,0,0,9,Sri Lanka
M Dillon ,1997-2005,108,51,20,227,21*,7.32,411,55.23,0,0,9,West Indies
BKV Prasad ,1994-2001,161,63,31,221,19,6.90,367,60.21,0,0,8,India
NW Bracken ,2001-2009,116,35,18,199,21*,11.70,282,70.56,0,0,5,Australia
M Ntini ,1998-2009,173,47,24,199,42*,8.65,298,66.77,0,0,9,ICC/SA)
Imran Tahir ,2011-2019,107,36,16,157,29,7.85,225,69.77,0,0,6,South Africa
A Nehra ,2001-2011,120,46,21,141,24,5.64,246,57.31,0,0,9,India
Rubel Hossain ,2009-2019,101,52,24,140,17,5.00,249,56.22,0,0,11,Bangladesh
EJ Chatfield ,1979-1989,114,48,37,118,19*,10.72,346,34.10,0,0,6,New Zealand
GD McGrath ,1993-2007,250,68,38,115,11,3.83,236,48.72,0,0,14,Australia
AA Donald ,1991-2003,164,40,18,95,13,4.31,279,34.05,0,0,12,South Africa
